botid,date,time,press,theta,sigma,temp,csal,coxy,bsal,boxy,dic,ph,alk,phos,nit,sil,dop,don,doc,tdp,tdn,pc,pn,pp,lln,llp,chl,phaeo,chl3,chl12,chlplus,perid,but19,fuco,hex19,prasino,diadino,zeaxan,chlb,hplc,chlc4,acar,bcar,caroten,chlda,viol,lutein,mvchla,dvchla,hbact,pbact,sbact,ebact,atp,n2o,psi,pe4,pe5,pe10,p15n,l12,d12,no2
2770200122,101315,125213,5.2,26.0170,23.253,26.0182,35.2980,,35.2968,,,,,,,,,,,,,,,,,,,,,,,,,,,,,,,,,,,,,,,,,,,,,,,,,,,,,,
2770200121,101315,125203,5.1,26.0178,23.252,26.0189,35.2977,,35.2974,,,,,,,,,,,,,,,,,,,,,,,,,,,,,,,,,,,,,,,,,,,,,,,,,,,,,,
2770200120,101315,125153,5.2,26.0129,23.254,26.0140,35.2978,,35.2974,,,,,,,,,,,,,,,,,,0.11,0.06,,,,,,,,,,,,,,,,,,,,,,4.516,2.807,0.010,0.008,,,,,,,,8.133,,
2770200119,101315,125038,24.8,26.0116,23.261,26.0171,35.3063,,35.3053,,,,,,,,,,,,,,,,,,0.10,0.09,,,,,,,,,,,,,,,,,,,,,,,,,,,,,,,,,,,
2770200118,101315,125028,24.9,26.0111,23.262,26.0167,35.3075,,35.3056,,,,,,,,,,,,,,,,,,0.11,0.06,,,,,,,,,,,,,,,,,,,,,,,,,,,,,,,,,,,
2770200117,101315,125018,24.9,26.0111,23.262,26.0166,35.3077,,35.3082,,,,,,,,,,,,,,,,,,0.11,0.06,,,,,,,,,,,,,,,,,,,,,,5.197,2.841,0.011,0.010,,,,,,,,8.380,,
2770200116,101315,124918,45.5,25.9690,23.277,25.9791,35.3099,,35.3098,,,,,,,,,,,,,,,,,,0.15,0.11,,,,,,,,,,,,,,,,,,,,,,,,,,,,,,,,,,,
2770200115,101315,124908,45.5,25.9686,23.277,25.9787,35.3098,,35.3098,,,,,,,,,,,,,,,,,,0.14,0.09,,,,,,,,,,,,,,,,,,,,,,,,,,,,,,,,,,,
2770200114,101315,124858,45.5,25.9691,23.277,25.9792,35.3096,,35.3106,,,,,,,,,,,,,,,,,,0.14,0.09,,,,,,,,,,,,,,,,,,,,,,4.020,2.962,0.009,0.009,,,,,,,,8.333,,
2770200113,101315,124743,74.5,24.7286,23.664,24.7447,35.3186,,35.3191,,,,,,,,,,,,,,,,,,0.20,0.14,,,,,,,,,,,,,,,,,,,,,,,,,,,,,,,,,,,
2770200112,101315,124733,74.6,24.7267,23.665,24.7428,35.3184,,35.3214,,,,,,,,,,,,,,,,,,0.22,0.17,,,,,,,,,,,,,,,,,,,,,,,,,,,,,,,,,,,
2770200111,101315,124724,74.4,24.7229,23.666,24.7389,35.3190,,35.3202,,,,,,,,,,,,,,,,,,0.21,0.15,,,,,,,,,,,,,,,,,,,,,,4.120,2.523,0.017,0.011,,,,,,,,4.200,,
2770200110,101315,124612,99.7,22.1017,24.421,22.1215,35.3049,,35.2995,,,,,,,,,,,,,,,,,,,,,,,,,,,,,,,,,,,,,,,,,,,,,,,,,,,,,,
2770200109,101315,124602,99.8,22.0372,24.433,22.0570,35.2966,,35.2993,,,,,,,,,,,,,,,,,,0.23,0.32,,,,,,,,,,,,,,,,,,,,,,,,,,,,,,,,,,,
2770200108,101315,124552,99.8,21.8927,24.477,21.9124,35.3016,,35.2976,,,,,,,,,,,,,,,,,,0.24,0.33,,,,,,,,,,,,,,,,,,,,,,4.158,1.375,0.008,0.016,,,,,,,,1.563,,
2770200107,101315,124442,125.3,20.2051,24.835,20.2284,35.1667,,35.1658,,,,,,,,,,,,,,,,,,0.15,0.37,,,,,,,,,,,,,,,,,,,,,,,,,,,,,,,,,,,
2770200106,101315,124432,125.4,20.1974,24.836,20.2208,35.1655,,35.1658,,,,,,,,,,,,,,,,,,0.16,0.35,,,,,,,,,,,,,,,,,,,,,,,,,,,,,,,,,,,
2770200105,101315,124422,125.5,20.1924,24.835,20.2158,35.1634,,35.1585,,,,,,,,,,,,,,,,,,0.15,0.37,,,,,,,,,,,,,,,,,,,,,,3.111,0.426,0.000,0.016,,,,,,,,0.587,,
2770200104,101315,124308,149.8,19.0185,25.028,19.0452,35.0147,,35.0073,,,,,,,,,,,,,,,,,,0.06,0.16,,,,,,,,,,,,,,,,,,,,,,1.984,0.125,0.000,0.005,,,,,,,,,,
2770200103,101315,124148,176.5,17.1457,25.301,17.1750,34.7676,,34.7728,,,,,,,,,,,,,,,,,,0.02,0.03,,,,,,,,,,,,,,,,,,,,,,1.671,0.011,0.000,0.001,,,,,,,,,,
2770200102,101315,123512,495.5,6.7100,26.693,6.7558,34.0288,,34.0276,,,,,,,,,,,,,,,,,,,,,,,,,,,,,,,,,,,,,,,,,,,,,,,,,,,,,,
2770200101,101315,122502,1021.8,3.9162,27.388,3.9936,34.4891,,34.4897,,,,,,,,,,,,,,,,,,,,,,,,,,,,,,,,,,,,,,,,,,,,,,,,,,,,,,
2770200224,101315,183457,5.2,26.0098,23.246,26.0110,35.2854,204.9,35.2857,203.6,,,,0.02,0.01,0.89,,,,,,,,,,,,,,,,,,,,,,,,,,,,,,,,,,,,,,,,,,,,,,,
2770200223,101315,182433,500.5,6.7974,26.683,6.8440,34.0314,105.1,34.0317,108.0,,,,2.19,30.62,51.14,,,,,,,,,,,,,,,,,,,,,,,,,,,,,,,,,,,,,,,,,,,,,,,
2770200222,101315,181903,750.1,4.6698,27.186,4.7292,34.3354,36.3,34.3362,35.1,,,,2.97,40.48,95.66,,,,,,,,,,,,,,,,,,,,,,,,,,,,,,,,,,,,,,,,,,,,,,,
2770200221,101315,181312,1001.1,3.9788,27.367,4.0549,34.4706,45.4,34.4707,45.5,,,,2.98,40.89,109.26,,,,,,,,,,,,,,,,,,,,,,,,,,,,,,,,,,,,,,,,,,,,,,,
2770200220,101315,180830,1201.8,3.3641,27.471,3.4519,34.5246,55.9,34.5260,55.9,,,,2.97,40.86,121.82,,,,,,,,,,,,,,,,,,,,,,,,,,,,,,,,,,,,,,,,,,,,,,,
2770200219,101315,180402,1400.7,2.9057,27.545,3.0053,34.5626,63.4,34.5626,63.2,,,,2.95,40.74,,,,,,,,,,,,,,,,,,,,,,,,,,,,,,,,,,,,,,,,,,,,,,,,
2770200218,101315,175922,1600.4,2.5014,27.601,2.6130,34.5884,72.9,34.5885,72.3,,,,2.92,40.28,140.78,,,,,,,,,,,,,,,,,,,,,,,,,,,,,,,,,,,,,,,,,,,,,,,
2770200217,101315,175443,1801.0,2.1856,27.639,2.3099,34.6033,81.9,34.6036,82.3,,,,2.87,39.76,147.88,,,,,,,,,,,,,,,,,,,,,,,,,,,,,,,,,,,,,,,,,,,,,,,
2770200216,101315,174957,2001.2,1.9304,27.673,2.0680,34.6207,90.9,34.6205,91.1,2354.8,7.473,2413,2.82,39.20,153.15,,,,,,,,,,,,,,,,,,,,,,,,,,,,,,,,,,,,,,,,,,,,,,,
2770200215,101315,174513,2201.9,1.7478,27.697,1.8998,34.6325,97.8,34.6325,98.5,,,,2.77,39.01,156.44,,,,,,,,,,,,,,,,,,,,,,,,,,,,,,,,,,,,,,,,,,,,,,,
2770200214,101315,173957,2401.5,1.5992,27.717,1.7663,34.6442,105.3,34.6445,106.6,,,,2.74,38.51,159.15,,,,,,,,,,,,,,,,,,,,,,,,,,,,,,,,,,,,,,,,,,,,,,,
2770200213,101315,173518,2602.8,1.4928,27.734,1.6762,34.6548,113.1,34.6549,114.0,,,,2.73,38.25,159.09,,,,,,,,,,,,,,,,,,,,,,,,,,,,,,,,,,,,,,,,,,,,,,,
2770200212,101315,173052,2800.0,1.4027,27.746,1.6028,34.6615,119.4,34.6616,120.0,,,,2.67,37.52,159.08,,,,,,,,,,,,,,,,,,,,,,,,,,,,,,,,,,,,,,,,,,,,,,,
2770200211,101315,172633,3001.2,1.3309,27.755,1.5488,34.6673,124.5,34.6677,125.0,2343.4,7.535,2423,2.65,37.26,160.00,,,,,,,,,,,,,,,,,,,,,,,,,,,,,,,,,,,,,,,,,,,,,,,
2770200210,101315,172149,3201.6,1.2558,27.766,1.4918,34.6739,132.9,34.6739,133.6,,,,2.61,36.78,158.86,,,,,,,,,,,,,,,,,,,,,,,,,,,,,,,,,,,,,,,,,,,,,,,
2770200209,101315,171655,3401.8,1.2160,27.772,1.4715,34.6775,137.2,34.6771,137.2,,,,2.60,36.54,,,,,,,,,,,,,,,,,,,,,,,,,,,,,,,,,,,,,,,,,,,,,,,,
2770200208,101315,171153,3601.1,1.1758,27.777,1.4511,34.6807,142.3,34.6806,142.5,,,,2.58,36.48,155.63,,,,,,,,,,,,,,,,,,,,,,,,,,,,,,,,,,,,,,,,,,,,,,,
2770200207,101315,170642,3802.2,1.1487,27.781,1.4448,34.6832,146.4,34.6826,146.3,,,,2.54,35.89,,,,,,,,,,,,,,,,,,,,,,,,,,,,,,,,,,,,,,,,,,,,,,,,
2770200206,101315,170148,4001.9,1.1339,27.783,1.4516,34.6844,148.6,34.6836,148.3,,,,2.53,35.77,152.17,,,,,,,,,,,,,,,,,,,,,,,,,,,,,,,,,,,,,,,,,,,,,,,
2770200205,101315,165713,4200.1,1.1236,27.784,1.4635,34.6855,150.5,34.6853,150.1,,,,2.53,35.86,151.47,,,,,,,,,,,,,,,,,,,,,,,,,,,,,,,,,,,,,,,,,,,,,,,
2770200204,101315,165238,4401.3,1.1170,27.785,1.4800,34.6862,151.8,34.6861,150.8,,,,2.52,35.67,152.04,,,,,,,,,,,,,,,,,,,,,,,,,,,,,,,,,,,,,,,,,,,,,,,
2770200203,101315,164932,4503.1,1.1154,27.785,1.4904,34.6862,151.9,34.6859,151.3,2323.4,7.578,2419,2.52,35.75,150.86,,,,,,,,,,,,,,,,,,,,,,,,,,,,,,,,,,,,,,,,,,,,,,,
2770200202,101315,164644,4602.0,1.1135,27.786,1.5003,34.6864,152.2,34.6861,,,,,2.52,35.68,,,,,,,,,,,,,,,,,,,,,,,,,,,,,,,,,,,,,,,,,,,,,,,,
2770200201,101315,164146,4809.8,1.1053,27.787,1.5172,34.6870,153.2,34.6877,153.4,,,,2.51,35.55,149.23,,,,,,,,,,,,,,,,,,,,,,,,,,,,,,,,,,,,,,,,,,,,,,,
2770200324,101315,220913,5.8,26.1404,23.179,26.1417,35.2509,202.0,35.2515,204.4,,,,0.05,0.00,1.08,,,,,,,,,,,,,,,,,,,,,,,,,,,,,,,,,,,,,,,,,,,,,,,
2770200323,101315,220723,63.3,25.4907,23.435,25.5046,35.3228,209.3,35.3238,211.2,,,,0.05,0.01,1.81,,,,,,,,,,,,,,,,,,,,,,,,,,,,,,,,,,,,,,,,,,,,,,,
2770200322,101315,220623,74.3,23.8506,23.941,23.8662,35.3370,220.3,35.3327,221.1,,,,0.07,0.03,1.37,,,,,,,,,,,,,,,,,,,,,,,,,,,,,,,,,,,,,,,,,,,,,,,
2770200321,101315,220533,81.2,22.8511,24.211,22.8677,35.3086,215.2,35.3045,218.6,,,,0.08,0.00,2.03,,,,,,,,,,,,,,,,,,,,,,,,,,,,,,,,,,,,,,,,,,,,,,,
2770200320,101315,220433,95.1,21.2532,24.637,21.2716,35.2795,,,212.8,,,,0.09,0.03,1.65,,,,,,,,,,,,,,,,,,,,,,,,,,,,,,,,,,,,,,,,,,,,,,,
2770200319,101315,220314,127.6,19.6878,24.922,19.7112,35.1029,203.0,35.0907,201.4,,,,0.17,1.39,2.26,,,,,,,,,,,,,,,,,,,,,,,,,,,,,,,,,,,,,,,,,,,,,,,
2770200318,101315,220138,184.4,16.0262,25.442,16.0553,34.6109,205.3,34.5983,207.2,,,,0.35,4.11,4.90,,,,,,,,,,,,,,,,,,,,,,,,,,,,,,,,,,,,,,,,,,,,,,,
2770200317,101315,220038,199.0,14.9420,25.581,14.9720,34.4762,208.9,34.4575,208.3,,,,0.44,5.70,,,,,,,,,,,,,,,,,,,,,,,,,,,,,,,,,,,,,,,,,,,,,,,,
2770200316,101315,215838,277.9,11.6785,26.014,11.7140,34.1812,202.7,34.1817,203.1,2093.4,7.779,2258,0.89,12.52,12.64,,,,,,,,,,,,,,,,,,,,,,,,,,,,,,,,,,,,,,,,,,,,,,,
2770200315,101315,215718,318.8,10.4042,26.215,10.4420,34.1448,199.5,34.1462,199.6,,,,1.13,15.72,17.69,,,,,,,,,,,,,,,,,,,,,,,,,,,,,,,,,,,,,,,,,,,,,,,
2770200314,101315,215528,390.6,8.6964,26.428,8.7380,34.0583,164.7,34.0576,163.3,2158.9,7.630,2265,1.62,22.38,29.65,,,,,,,,,,,,,,,,,,,,,,,,,,,,,,,,,,,,,,,,,,,,,,,
2770200313,101315,215403,432.8,7.7697,26.557,7.8129,34.0442,132.5,34.0437,132.0,,,,1.96,27.06,42.74,,,,,,,,,,,,,,,,,,,,,,,,,,,,,,,,,,,,,,,,,,,,,,,
2770200312,101315,215243,475.6,7.1019,26.651,7.1471,34.0437,112.1,34.0407,111.4,,,,2.17,30.17,,,,,,,,,,,,,,,,,,,,,,,,,,,,,,,,,,,,,,,,,,,,,,,,
2770200311,101315,215133,500.9,6.6278,26.710,6.6737,34.0367,100.4,34.0364,100.3,2229.9,7.466,2281,2.33,31.79,53.71,,,,,,,,,,,,,,,,,,,,,,,,,,,,,,,,,,,,,,,,,,,,,,,
2770200310,101315,215028,520.9,6.3265,26.760,6.3732,34.0492,84.6,34.0507,84.7,,,,2.50,33.71,58.99,,,,,,,,,,,,,,,,,,,,,,,,,,,,,,,,,,,,,,,,,,,,,,,
2770200309,101315,214904,555.0,5.8805,26.860,5.9285,34.1047,62.2,34.1074,61.3,,,,2.66,36.29,68.40,,,,,,,,,,,,,,,,,,,,,,,,,,,,,,,,,,,,,,,,,,,,,,,
2770200308,101315,214728,597.4,5.6568,26.947,5.7078,34.1796,46.0,34.1819,45.4,2288.3,7.363,2308,2.86,37.97,75.11,,,,,,,,,,,,,,,,,,,,,,,,,,,,,,,,,,,,,,,,,,,,,,,
2770200307,101315,214440,648.3,4.9524,27.070,5.0045,34.2291,34.5,34.2277,34.0,,,,3.01,40.14,88.79,,,,,,,,,,,,,,,,,,,,,,,,,,,,,,,,,,,,,,,,,,,,,,,
2770200306,101315,214232,700.4,4.7029,27.145,4.7581,34.2892,34.7,34.2921,33.0,,,,3.04,40.50,95.07,,,,,,,,,,,,,,,,,,,,,,,,,,,,,,,,,,,,,,,,,,,,,,,
2770200305,101315,214047,721.3,4.6790,27.180,4.7360,34.3300,35.7,34.3319,35.1,2320.7,7.358,2336,3.01,40.36,96.09,,,,,,,,,,,,,,,,,,,,,,,,,,,,,,,,,,,,,,,,,,,,,,,
2770200304,101315,213748,802.9,4.3895,27.272,4.4517,34.4056,38.9,34.4037,38.0,,,,3.04,40.88,101.43,,,,,,,,,,,,,,,,,,,,,,,,,,,,,,,,,,,,,,,,,,,,,,,
2770200303,101315,213501,884.0,4.0709,27.344,4.1378,34.4531,43.7,34.4534,45.0,,,,3.04,40.81,108.30,,,,,,,,,,,,,,,,,,,,,,,,,,,,,,,,,,,,,,,,,,,,,,,
2770200302,101315,213148,957.8,3.8992,27.382,3.9711,34.4793,47.2,34.4793,47.2,,,,3.03,40.78,,,,,,,,,,,,,,,,,,,,,,,,,,,,,,,,,,,,,,,,,,,,,,,,
2770200301,101315,212921,1014.4,3.7998,27.408,3.8757,34.4994,48.5,34.5019,48.5,2338.1,7.402,2369,3.00,40.94,,,,,,,,,,,,,,,,,,,,,,,,,,,,,,,,,,,,,,,,,,,,,,,,
2770200418,101415,013042,4.9,26.3215,23.139,26.3226,35.2741,,,,,,,,,,,,,,,,,,,,,,,,,,,,,,,,,,,,,,,,,,,,,,,,,,,,,,,,
2770200417,101415,013032,4.9,26.3215,23.139,26.3226,35.2742,,35.2751,,,,,,,,,,,,,3.11,0.462,,,,,,,,,,,,,,,,,,,,,,,,,,,,,,,,,,,,,,,,
2770200416,101415,012923,24.7,26.0418,23.238,26.0473,35.2886,,,,,,,,,,,,,,,,,,,,,,,,,,,,,,,,,,,,,,,,,,,,,,,,,,,,,,,,
2770200415,101415,012912,24.9,26.0440,23.237,26.0496,35.2884,,35.2895,,,,,,,,,,,,,2.94,0.390,,,,,,,,,,,,,,,,,,,,,,,,,,,,,,,,,,,,,,,,
2770200414,101415,012807,44.4,25.9929,23.263,26.0028,35.3018,,,,,,,,,,,,,,,,,,,,,,,,,,,,,,,,,,,,,,,,,,,,,,,,,,,,,,,,
2770200413,101415,012757,44.6,25.9853,23.267,25.9953,35.3037,,35.3074,,,,,,,,,,,,,2.44,0.342,,,,,,,,,,,,,,,,,,,,,,,,,,,,,,,,,,,,,,,,
2770200412,101415,012647,74.5,22.4921,24.306,22.5071,35.2995,,,,,,,,,,,,,,,,,,,,,,,,,,,,,,,,,,,,,,,,,,,,,,,,,,,,,,,,
2770200411,101415,012637,74.7,22.4786,24.310,22.4936,35.2994,,35.3001,,,,,,,,,,,,,2.21,0.353,,,,,,,,,,,,,,,,,,,,,,,,,,,,,,,,,,,,,,,,
2770200410,101415,012532,100.3,21.3761,24.607,21.3956,35.2833,,35.2725,,,,,,,,,,,,,2.07,0.300,,,,,,,,,,,,,,,,,,,,,,,,,,,,,,,,,,,,,,,,
2770200409,101415,012422,124.9,20.1026,24.849,20.1258,35.1503,,35.1386,,,,,,,,,,,,,1.17,0.191,,,,,,,,,,,,,,,,,,,,,,,,,,,,,,,,,,,,,,,,
2770200408,101415,012312,150.0,19.1243,25.011,19.1512,35.0286,,35.0289,,,,,,,,,,,,,0.88,0.130,,,,,,,,,,,,,,,,,,,,,,,,,,,,,,,,,,,,,,,,
2770200407,101415,012202,175.0,17.7371,25.225,17.7668,34.8547,,34.8526,,,,,,,,,,,,,0.91,0.131,,,,,,,,,,,,,,,,,,,,,,,,,,,,,,,,,,,,,,,,
2770200406,101415,012052,200.6,15.7666,25.456,15.7980,34.5521,,34.5594,,,,,,,,,,,,,0.41,0.073,,,,,,,,,,,,,,,,,,,,,,,,,,,,,,,,,,,,,,,,
2770200405,101415,011857,250.6,13.4976,25.761,13.5329,34.3136,,34.3095,,,,,,,,,,,,,0.81,0.102,,,,,,,,,,,,,,,,,,,,,,,,,,,,,,,,,,,,,,,,
2770200404,101415,011627,350.0,9.9347,26.262,9.9751,34.1028,,34.1017,,,,,,,,,,,,,0.55,0.075,,,,,,,,,,,,,,,,,,,,,,,,,,,,,,,,,,,,,,,,
2770200403,101415,011617,349.8,9.9167,26.265,9.9571,34.1027,,34.1013,,,,,,,,,,,,,0.57,0.086,,,,,,,,,,,,,,,,,,,,,,,,,,,,,,,,,,,,,,,,
2770200402,101415,011257,490.1,7.1140,26.651,7.1607,34.0449,,34.0462,,,,,,,,,,,,,,,,,,,,,,,,,,,,,,,,,,,,,,,,,,,,,,,,,,,,,,
2770200401,101415,010307,1020.4,3.8577,27.395,3.9345,34.4903,,34.4915,,,,,,,,,,,,,,,,,,,,,,,,,,,,,,,,,,,,,,,,,,,,,,,,,,,,,,
2770200520,101415,041116,5.8,26.1630,23.200,26.1643,35.2887,,,,,,,,,,,,,,,,,,,,,,,,,,,,,,,,,,,,,,,,,,,,,,,,,,,,,,,,
2770200519,101415,041106,5.8,26.1637,23.200,26.1650,35.2882,,,,,,,,,,,,,,,,,15.8,,,,,,,,,,,,,,,,,,,,,,,,,,,,,,,,,,,,,,,
2770200518,101415,040946,25.0,26.0455,23.237,26.0511,35.2888,,,,,,,,,,,,,,,,,,,,,,,,,,,,,,,,,,,,,,,,,,,,,,,,,,,,,,,,
2770200517,101415,040936,25.0,26.0425,23.236,26.0481,35.2865,,,,,,,,,,,,,,,,,,,,,,,,,,,,,,,,,,,,,,,,,,,,,,,,,,,,,,,,
2770200516,101415,040926,25.1,26.0426,23.236,26.0482,35.2864,,,,,,,,,,,,,,,,,,,,,,,,,,,,,,,,,,,,,,,,,,,,,,,,,,,,,,,,
2770200515,101415,040916,25.1,26.0430,23.236,26.0486,35.2864,,,,,,,,,,,,,,,,,,,,,,,,,,,,,,,,,,,,,,,,,,,,,,,,,,,,,,,,
2770200514,101415,040906,24.9,26.0442,23.236,26.0497,35.2872,,35.2885,,,,,,,,,,,,,,,,,,,,,,,,,,,,,,,,,,,,,,,,,,,,,,,,,,,,,,
2770200513,101415,040856,24.9,26.0466,23.236,26.0522,35.2884,,35.2883,,,,,,,,,,,,,,,13.9,,,,,,,,,,,,,,,,,,,,,,,,,,,,,,,,,,,,,,,
2770200512,101415,040731,45.1,26.0085,23.258,26.0186,35.3009,,35.3013,,,,,,,,,,,,,,,16.7,,,,,,,,,,,,,,,,,,,,,,,,,,,,,,,,,,,,,,,
2770200511,101415,040546,76.0,23.7882,23.925,23.8041,35.2922,,35.2936,,,,,,,,,,,,,,,16.7,,,,,,,,,,,,,,,,,,,,,,,,,,,,,,,,,,,,,,,
2770200510,101415,040421,100.0,21.9061,24.474,21.9259,35.3019,,35.3027,,,,,,,,,,,,,,,14.2,,,,,,,,,,,,,,,,,,,,,,,,,,,,,,,,,,,,,,,
2770200509,101415,040246,124.9,20.2557,24.825,20.2790,35.1720,,35.1695,,,,,,,,,,,,,,,8.5,,,,,,,,,,,,,,,,,,,,,,,,,,,,,,,,,,,,,,,
2770200508,101415,040116,151.1,19.3370,24.981,19.3643,35.0603,,35.0583,,,,,,,,,,,,,,,6.0,,,,,,,,,,,,,,,,,,,,,,,,,,,,,,,,,,,,,,,
2770200507,101415,035926,176.5,17.7062,25.208,17.7362,34.8223,,34.8271,,,,,,,,,,,,,,,22.7,,,,,,,,,,,,,,,,,,,,,,,,,,,,,,,,,,,,,,,
2770200506,101415,035802,199.5,16.7745,25.373,16.8071,34.7469,,34.7478,,,,,,,,,,,,,,,3.8,,,,,,,,,,,,,,,,,,,,,,,,,,,,,,,,,,,,,,,
2770200505,101415,035556,251.3,14.1427,25.678,14.1792,34.3802,,34.3788,,,,,,,,,,,,,,,,,,,,,,,,,,,,,,,,,,,,,,,,,,,,,,,,,,,,,,
2770200504,101415,035256,352.0,10.2710,26.218,10.3125,34.1198,,34.1213,,,,,,,,,,,,,,,1.6,,,,,,,,,,,,,,,,,,,,,,,,,,,,,,,,,,,,,,,
2770200503,101415,035246,351.8,10.2780,26.217,10.3195,34.1198,,34.1201,,,,,,,,,,,,,,,2.2,,,,,,,,,,,,,,,,,,,,,,,,,,,,,,,,,,,,,,,
2770200502,101415,034941,458.5,7.6861,26.570,7.7317,34.0456,,34.0470,,,,,,,,,,,,,,,,,,,,,,,,,,,,,,,,,,,,,,,,,,,,,,,,,,,,,,
2770200501,101415,033826,1020.0,3.8847,27.389,3.9617,34.4861,,34.4866,,,,,,,,,,,,,,,,,,,,,,,,,,,,,,,,,,,,,,,,,,,,,,,,,,,,,,
2770200624,101415,065236,5.7,26.1594,23.188,26.1607,35.2709,203.4,35.2704,,,,,,,,,,,,,,,,,,,,,,,,,,,,,,,,,,,,,,,,,,,,,,,,,,,,,,
2770200623,101415,065226,5.7,26.1616,23.187,26.1629,35.2708,204.7,35.2708,,,,,,,,,,,,,,,,,,,,,,,,,,,,,,,,,,,,,,,,,,,,,,,,,,,,,,
2770200622,101415,065216,5.7,26.1603,23.188,26.1616,35.2709,203.7,35.2708,203.6,1996.8,8.077,2320,0.04,0.02,,,,,,,,,,1.3,39.1,,,,,,,,,,,,,,,,,,,,,,,,,,,,,,,,,,,,,
2770200621,101415,065109,15.7,26.1064,23.219,26.1099,35.2895,204.2,35.2846,,,,,0.03,0.02,1.03,,,,,,,,,1.2,,,,,,,,,,,,,,,,,,,,,,,,,,,,,,,,,,,,,,
2770200620,101415,065004,25.2,26.0459,23.244,26.0515,35.2976,204.3,35.2999,,,,,,,,,,,,,,,,,,,,,,,,,,,,,,,,,,,,,,,,,,,,,,,,,,,,,,
2770200619,101415,064954,25.1,26.0444,23.244,26.0501,35.2980,204.3,35.3003,204.3,1998.1,8.076,2326,0.04,0.02,1.00,,,,,,,,,1.7,33.2,,,,,,,,,,,,,,,,,,,,,,,,,,,,,,,,,,,,,
2770200618,101415,064859,35.2,26.0102,23.265,26.0181,35.3111,204.4,35.3127,,,,,0.03,0.02,,,,,,,,,,1.2,,,,,,,,,,,,,,,,,,,,,,,,,,,,,,,,,,,,,,
2770200617,101415,064801,45.0,25.9928,23.276,26.0029,35.3185,204.7,35.3196,204.2,1999.4,8.075,2328,0.03,0.01,0.99,,,,,,,,,1.3,32.2,,,,,,,,,,,,,,,,,,,,,,,,,,,,,,,,,,,,,
2770200616,101415,064702,59.7,25.5585,23.411,25.5716,35.3188,209.1,35.3224,,,,,0.03,0.01,,,,,,,,,,1.5,32.2,,,,,,,,,,,,,,,,,,,,,,,,,,,,,,,,,,,,,
2770200615,101415,064556,75.1,23.3283,24.068,23.3438,35.3022,219.5,35.3041,218.6,2021.4,8.037,2328,0.04,0.03,1.43,,,,,,,,,1.0,44.9,,,,,,,,,,,,,,,,,,,,,,,,,,,,,,,,,,,,,
2770200614,101415,064456,85.2,22.6923,24.255,22.7096,35.3069,218.5,35.3078,219.3,,,,,,,,,,,,,,,2.3,45.9,,,,,,,,,,,,,,,,,,,,,,,,,,,,,,,,,,,,,
2770200613,101415,064406,90.1,22.5554,24.294,22.5736,35.3070,217.0,35.3031,,,,,,,,,,,,,,,,2.1,,,,,,,,,,,,,,,,,,,,,,,,,,,,,,,,,,,,,,
2770200612,101415,064311,100.0,21.8076,24.509,21.8273,35.3127,217.1,35.3092,217.3,2034.7,8.018,2331,0.05,0.04,,,,,,,,,,2.8,54.7,,,,,,,,,,,,,,,,,,,,,,,,,,,,,,,,,,,,,
2770200611,101415,064211,109.6,21.3038,24.622,21.3251,35.2776,213.6,35.2739,,,,,,,,,,,,,,,,5.4,,,,,,,,,,,,,,,,,,,,,,,,,,,,,,,,,,,,,,
2770200610,101415,064116,116.6,21.0779,24.669,21.1003,35.2578,211.5,35.2564,211.7,,,,,,,,,,,,,,,27.2,71.3,,,,,,,,,,,,,,,,,,,,,,,,,,,,,,,,,,,,,
2770200609,101415,064016,125.1,20.6467,24.750,20.6704,35.2112,205.7,35.2099,205.7,,,,0.10,0.23,1.82,,,,,,,,,219.2,97.6,,,,,,,,,,,,,,,,,,,,,,,,,,,,,,,,,,,,,
2770200608,101415,063926,130.4,20.5210,24.774,20.5456,35.1978,205.7,35.1916,,,,,,,,,,,,,,,,391.0,,,,,,,,,,,,,,,,,,,,,,,,,,,,,,,,,,,,,,
2770200607,101415,063811,149.6,19.2842,24.988,19.3112,35.0521,201.5,35.0510,200.7,2053.2,7.952,2305,0.19,1.68,2.42,,,,,,,,,1843.4,180.7,,,,,,,,,,,,,,,,,,,,,,,,,,,,,,,,,,,,,
2770200606,101415,063702,165.8,18.4497,25.110,18.4787,34.9346,201.3,34.9274,201.1,,,,,,,,,,,,,,,2591.8,,,,,,,,,,,,,,,,,,,,,,,,,,,,,,,,,,,,,,
2770200605,101415,063603,175.3,18.1987,25.160,18.2290,34.9173,202.1,34.9191,201.3,,,,0.23,2.55,,,,,,,,,,2835.0,232.5,,,,,,,,,,,,,,,,,,,,,,,,,,,,,,,,,,,,,
2770200604,101415,063436,200.5,15.8445,25.446,15.8759,34.5616,202.5,34.5445,203.2,2060.7,7.883,2275,0.39,4.78,4.89,,,,,,,,,,,,,,,,,,,,,,,,,,,,,,,,,,,,,,,,,,,,,,,
2770200603,101415,062836,480.7,6.7567,26.686,6.8012,34.0280,107.0,34.0286,107.3,,,,,,,,,,,,,,,,,,,,,,,,,,,,,,,,,,,,,,,,,,,,,,,,,,,,,
2770200602,101415,062336,716.1,4.6910,27.116,4.7475,34.2508,30.6,34.2513,29.5,,,,,,,,,,,,,,,,,,,,,,,,,,,,,,,,,,,,,,,,,,,,,,,,,,,,,
2770200601,101415,061712,1023.3,3.8010,27.412,3.8776,34.5037,47.4,34.5060,47.0,,,,,,,,,,,,,,,,,,,,,,,,,,,,,,,,,,,,,,,,,,,,,,,,,,,,,
2770200716,101415,100124,4.4,26.1152,23.190,26.1162,35.2550,,,,,,,,,,,,,,,,,,,,,,,,,,,,,,,,,,,,,,,,,,,,,,,,,,,,,,,,
2770200715,101415,100114,4.4,26.1143,23.190,26.1153,35.2552,,35.2558,,,,,,,,,,,,,,,,,,,,,,,,,,,,,,,,,,,,,,,,,,,,,,,,,,,,,,
2770200714,101415,095958,24.8,26.0864,23.204,26.0919,35.2625,,,,,,,,,,,,,,,,,,,,,,,,,,,,,,,,,,,,,,,,,,,,,,,,,,,,,,,,
2770200713,101415,095949,24.8,26.0864,23.205,26.0919,35.2635,,35.2733,,,,,,,,,,,,,,,,,,,,,,,,,,,,,,,,,,,,,,,,,,,,,,,,,,,,,,
2770200712,101415,095842,44.2,25.9678,23.277,25.9776,35.3093,,,,,,,,,,,,,,,,,,,,,,,,,,,,,,,,,,,,,,,,,,,,,,,,,,,,,,,,
2770200711,101415,095721,75.0,23.8954,23.903,23.9112,35.3052,,35.3100,,,,,,,,,,,,,,,,,,,,,,,,,,,,,,,,,,,,,,,,,,,,,,,,,,,,,,
2770200710,101415,095608,100.4,21.2556,24.632,21.2750,35.2730,,,,,,,,,,,,,,,,,,,,,,,,,,,,,,,,,,,,,,,,,,,,,,,,,,,,,,,,
2770200709,101415,095557,100.2,21.2556,24.632,21.2750,35.2732,,,,,,,,,,,,,,,,,,,,,,,,,,,,,,,,,,,,,,,,,,,,,,,,,,,,,,,,
2770200708,101415,095442,125.3,19.9133,24.875,19.9364,35.1187,,,,,,,,,,,,,,,,,,,,,,,,,,,,,,,,,,,,,,,,,,,,,,,,,,,,,,,,
2770200707,101415,095433,125.4,19.9122,24.875,19.9353,35.1178,,35.1177,,,,,,,,,,,,,,,,,,,,,,,,,,,,,,,,,,,,,,,,,,,,,,,,,,,,,,
2770200706,101415,095319,149.6,18.7205,25.072,18.7469,34.9735,,,,,,,,,,,,,,,,,,,,,,,,,,,,,,,,,,,,,,,,,,,,,,,,,,,,,,,,
2770200705,101415,095310,150.0,18.6868,25.078,18.7132,34.9700,,34.9724,,,,,,,,,,,,,,,,,,,,,,,,,,,,,,,,,,,,,,,,,,,,,,,,,,,,,,
2770200704,101415,095153,174.9,17.5923,25.243,17.6218,34.8324,,,,,,,,,,,,,,,,,,,,,,,,,,,,,,,,,,,,,,,,,,,,,,,,,,,,,,,,
2770200703,101415,095143,175.1,17.5865,25.245,17.6160,34.8331,,34.8300,,,,,,,,,,,,,,,,,,,,,,,,,,,,,,,,,,,,,,,,,,,,,,,,,,,,,,
2770200702,101415,094538,476.4,6.8214,26.687,6.8657,34.0406,,34.0405,,,,,,,,,,,,,,,,,,,,,,,,,,,,,,,,,,,,,,,,,,,,,,,,,,,,,,
2770200701,101415,093353,1020.6,3.7303,27.424,3.8062,34.5104,,34.5117,,,,,,,,,,,,,,,,,,,,,,,,,,,,,,,,,,,,,,,,,,,,,,,,,,,,,,
2770200822,101415,124943,4.5,26.0266,23.225,26.0276,35.2645,,,,,,,,,,,,,,,,,,,,,,,,,,,,,,,,,,,,,,,,,,,,,,,,,,,,,,,,
2770200821,101415,124933,4.4,26.0261,23.225,26.0270,35.2646,,,,,,,,,,,,,,,,,,,,,,,,,,,,,,,,,,,,,,,,,,,,,,,,,,,,,,,,
2770200820,101415,124923,4.4,26.0250,23.225,26.0260,35.2648,,,,,,,,,,,,,,,,,,,,,,,,,,,,,,,,,,,,,,,,,,,,,,,,,,,,,,,,
2770200819,101415,124913,4.4,26.0228,23.226,26.0238,35.2648,,35.2653,,,,,,,,,,,,,,,,,,,,,,,,,,,,,,,,,,,,,,,,,,,,,,,,,,,,,,
2770200818,101415,124803,25.9,26.0339,23.223,26.0397,35.2660,,,,,,,,,,,,,,,,,,,,,,,,,,,,,,,,,,,,,,,,,,,,,,,,,,,,,,,,
2770200817,101415,124753,26.0,26.0338,23.223,26.0396,35.2652,,,,,,,,,,,,,,,,,,,,,,,,,,,,,,,,,,,,,,,,,,,,,,,,,,,,,,,,
2770200816,101415,124743,25.9,26.0338,23.223,26.0396,35.2650,,,,,,,,,,,,,,,,,,,,,,,,,,,,,,,,,,,,,,,,,,,,,,,,,,,,,,,,
2770200815,101415,124733,25.7,26.0334,23.223,26.0391,35.2649,,35.2660,,,,,,,,,,,,,,,,,,,,,,,,,,,,,,,,,,,,,,,,,,,,,,,,,,,,,,
2770200814,101415,124621,44.6,26.0012,23.259,26.0112,35.2995,,,,,,,,,,,,,,,,,,,,,,,,,,,,,,,,,,,,,,,,,,,,,,,,,,,,,,,,
2770200813,101415,124611,44.6,26.0000,23.259,26.0099,35.2993,,,,,,,,,,,,,,,,,,,,,,,,,,,,,,,,,,,,,,,,,,,,,,,,,,,,,,,,
2770200812,101415,124601,44.7,25.9998,23.259,26.0098,35.2986,,35.3033,,,,,,,,,,,,,,,,,,,,,,,,,,,,,,,,,,,,,,,,,,,,,,,,,,,,,,
2770200811,101415,124428,75.2,23.7081,23.957,23.7238,35.3032,,,,,,,,,,,,,,,,,,,,,,,,,,,,,,,,,,,,,,,,,,,,,,,,,,,,,,,,
2770200810,101415,124418,75.2,23.6922,23.964,23.7080,35.3066,,,,,,,,,,,,,,,,,,,,,,,,,,,,,,,,,,,,,,,,,,,,,,,,,,,,,,,,
2770200809,101415,124408,75.2,23.6321,23.979,23.6478,35.3029,,35.3100,,,,,,,,,,,,,,,,,,,,,,,,,,,,,,,,,,,,,,,,,,,,,,,,,,,,,,
2770200808,101415,124253,99.1,21.4320,24.593,21.4513,35.2862,,,,,,,,,,,,,,,,,,,,,,,,,,,,,,,,,,,,,,,,,,,,,,,,,,,,,,,,
2770200807,101415,124243,99.0,21.4782,24.578,21.4974,35.2831,,,,,,,,,,,,,,,,,,,,,,,,,,,,,,,,,,,,,,,,,,,,,,,,,,,,,,,,
2770200806,101415,124233,99.0,21.4782,24.582,21.4974,35.2881,,35.2911,,,,,,,,,,,,,,,,,,,,,,,,,,,,,,,,,,,,,,,,,,,,,,,,,,,,,,
2770200805,101415,124125,124.3,20.1921,24.830,20.2152,35.1567,,,,,,,,,,,,,,,,,,,,,,,,,,,,,,,,,,,,,,,,,,,,,,,,,,,,,,,,
2770200804,101415,124114,124.1,20.1825,24.832,20.2056,35.1555,,,,,,,,,,,,,,,,,,,,,,,,,,,,,,,,,,,,,,,,,,,,,,,,,,,,,,,,
2770200803,101415,124103,124.1,20.1708,24.833,20.1940,35.1531,,35.1461,,,,,,,,,,,,,,,,,,,,,,,,,,,,,,,,,,,,,,,,,,,,,,,,,,,,,,
2770200802,101415,123343,498.9,6.7197,26.691,6.7658,34.0275,,34.0294,,,,,,,,,,,,,,,,,,,,,,,,,,,,,,,,,,,,,,,,,,,,,,,,,,,,,,
2770200801,101415,122353,1020.3,3.8082,27.408,3.8847,34.5003,,34.5017,,,,,,,,,,,,,,,,,,,,,,,,,,,,,,,,,,,,,,,,,,,,,,,,,,,,,,
2770200914,101415,155838,6.1,26.0865,23.167,26.0878,35.2132,,35.2126,,,,,,,,,,,,,,,,,,,,,,,,,,,,,,,,,,,,,,,,,,,,,,,,,,,,,,
2770200913,101415,155729,25.0,26.0641,23.237,26.0697,35.2971,,,,,,,,,,,,,,,,,,,,,,,,,,,,,,,,,,,,,,,,,,,,,,,,,,,,,,,,
2770200912,101415,155609,50.4,26.0348,23.255,26.0461,35.3079,,,,,,,,,,,,,,,,,,,,,,,,,,,,,,,,,,,,,,,,,,,,,,,,,,,,,,,,
2770200911,101415,155454,75.9,25.1730,23.521,25.1895,35.3080,,,,,,,,,,,,,,,,,,,,,,,,,,,,,,,,,,,,,,,,,,,,,,,,,,,,,,,,
2770200910,101415,155339,99.9,22.1715,24.393,22.1914,35.2935,,,,,,,,,,,,,,,,,,,,,,,,,,,,,,,,,,,,,,,,,,,,,,,,,,,,,,,,
2770200909,101415,155219,125.5,20.9098,24.699,20.9338,35.2374,,,,,,,,,,,,,,,,,,,,,,,,,,,,,,,,,,,,,,,,,,,,,,,,,,,,,,,,
2770200908,101415,155104,150.7,19.7281,24.915,19.7557,35.1070,,,,,,,,,,,,,,,,,,,,,,,,,,,,,,,,,,,,,,,,,,,,,,,,,,,,,,,,
2770200907,101415,154954,175.2,18.4667,25.107,18.4973,34.9357,,,,,,,,,,,,,,,,,,,,,,,,,,,,,,,,,,,,,,,,,,,,,,,,,,,,,,,,
2770200906,101415,154828,201.1,16.5581,25.389,16.5907,34.7017,,,,,,,,,,,,,,,,,,,,,,,,,,,,,,,,,,,,,,,,,,,,,,,,,,,,,,,,
2770200905,101415,154704,225.6,14.9163,25.598,14.9503,34.4915,,,,,,,,,,,,,,,,,,,,,,,,,,,,,,,,,,,,,,,,,,,,,,,,,,,,,,,,
2770200904,101415,154558,250.1,14.1082,25.685,14.1444,34.3795,,,,,,,,,,,,,,,,,,,,,,,,,,,,,,,,,,,,,,,,,,,,,,,,,,,,,,,,
2770200903,101415,154449,276.1,12.8976,25.818,12.9352,34.2311,,,,,,,,,,,,,,,,,,,,,,,,,,,,,,,,,,,,,,,,,,,,,,,,,,,,,,,,
2770200902,101415,153951,500.8,6.6991,26.694,6.7453,34.0283,,34.0296,,,,,,,,,,,,,,,,,,,,,,,,,,,,,,,,,,,,,,,,,,,,,,,,,,,,,,
2770200901,101415,152914,1019.6,3.9080,27.384,3.9851,34.4822,,34.4840,,,,,,,,,,,,,,,,,,,,,,,,,,,,,,,,,,,,,,,,,,,,,,,,,,,,,,
2770201015,101415,185059,4.7,26.0862,23.152,26.0873,35.1936,,,,,,,,,,,,,,,,,,,,,,,,,,,,,,,,,,,,,,,,,,,,,,,,,,,,,,,,
2770201014,101415,185048,4.8,26.0866,23.153,26.0876,35.1939,,,,,,,,,,,,,,,,,,,,,,,,,,,,,,,,,,,,,,,,,,,,,,,,,,,,,,,,
2770201013,101415,185038,4.8,26.0871,23.152,26.0881,35.1937,,35.1939,,,,,,,,,,,,,,,,,,,,,,,,,,,,,,,,,,,,,,,,,,,,,,,23.76,,,,,,,
2770201012,101415,184908,25.5,26.0701,23.228,26.0759,35.2868,,,,,,,,,,,,,,,,,,,,,,,,,,,,,,,,,,,,,,,,,,,,,,,,,,,,,,,,
2770201011,101415,184859,25.6,26.0710,23.228,26.0767,35.2871,,,,,,,,,,,,,,,,,,,,,,,,,,,,,,,,,,,,,,,,,,,,,,,,,,,,,,,,
2770201010,101415,184848,25.5,26.0719,23.226,26.0776,35.2856,,35.2741,,,,,,,,,,,,,,,,,,,,,,,,,,,,,,,,,,,,,,,,,,,,,,,20.07,,,,,,,
2770201009,101415,184733,44.9,26.0333,23.257,26.0433,35.3102,,,,,,,,,,,,,,,,,,,,,,,,,,,,,,,,,,,,,,,,,,,,,,,,,,,,,,,,
2770201008,101415,184724,45.0,26.0339,23.257,26.0439,35.3099,,35.3122,,,,,,,,,,,,,,,,,,,,,,,,,,,,,,,,,,,,,,,,,,,,,,,17.04,,,,,,,
2770201007,101415,184603,75.4,24.8201,23.638,24.8363,35.3198,,35.3202,,,,,,,,,,,,,,,,,,,,,,,,,,,,,,,,,,,,,,,,,,,,,,,16.99,,,,,,,
2770201006,101415,184443,101.5,21.7906,24.515,21.8106,35.3135,,35.3084,,,,,,,,,,,,,,,,,,,,,,,,,,,,,,,,,,,,,,,,,,,,,,,14.27,,,,,,,
2770201005,101415,184333,124.7,20.3555,24.804,20.3789,35.1791,,35.1691,,,,,,,,,,,,,,,,,,,,,,,,,,,,,,,,,,,,,,,,,,,,,,,19.60,,,,,,,
2770201004,101415,184204,150.0,18.7077,25.075,18.7341,34.9729,,34.9728,,,,,,,,,,,,,,,,,,,,,,,,,,,,,,,,,,,,,,,,,,,,,,,12.74,,,,,,,
2770201003,101415,184034,176.4,17.3549,25.280,17.3844,34.8048,,34.8049,,,,,,,,,,,,,,,,,,,,,,,,,,,,,,,,,,,,,,,,,,,,,,,8.11,,,,,,,
2770201002,101415,183354,505.9,6.8980,26.681,6.9455,34.0455,,34.0445,,,,,,,,,,,,,,,,,,,,,,,,,,,,,,,,,,,,,,,,,,,,,,,,,,,,,,
2770201001,101415,182409,1020.6,3.8960,27.387,3.9731,34.4854,,34.4871,,,,,,,,,,,,,,,,,,,,,,,,,,,,,,,,,,,,,,,,,,,,,,,,,,,,,,
2770201104,101415,215845,5.5,26.2013,23.087,26.2026,35.1550,,35.1555,,,,,,,,,,,,,,,,,,,,,,,,,,,,,,,,,,,,,,,,,,,,,,,,,,,,,,
2770201103,101415,215725,25.1,26.1114,23.212,26.1170,35.2832,,,,,,,,,,,,,,,,,,,,,,,,,,,,,,,,,,,,,,,,,,,,,,,,,,,,,,,,
2770201102,101415,214820,505.3,6.1557,26.775,6.2003,34.0403,,34.0419,,,,,,,,,,,,,,,,,,,,,,,,,,,,,,,,,,,,,,,,,,,,,,,,,,,,,,
2770201101,101415,213834,1020.7,3.7906,27.411,3.8669,34.5018,,34.5025,,,,,,,,,,,,,,,,,,,,,,,,,,,,,,,,,,,,,,,,,,,,,,,,,,,,,,
2770201221,101515,005333,5.4,26.2709,23.074,26.2721,35.1669,,,,,,,,,,,,,,,,,,,,,,,,,,,,,,,,,,,,,,,,,,,,,,,,,,,,,,,,
2770201220,101515,005323,5.5,26.2701,23.075,26.2714,35.1668,,35.1673,,,,,,,,,,,,,,,,,,,,,,,,,,,,,,,,,,,,,,,,,,,,,20.38,,,,,,,,,
2770201219,101515,005203,25.2,26.0840,23.228,26.0896,35.2928,,,,,,,,,,,,,,,,,,,,,,,,,,,,,,,,,,,,,,,,,,,,,,,,,,,,,,,,
2770201218,101515,005154,25.1,26.0839,23.228,26.0895,35.2929,,35.2928,,,,,,,,,,,,,,,,,,,,,,,,,,,,,,,,,,,,,,,,,,,,,28.48,,,,,,,,,
2770201217,101515,005040,45.1,26.0097,23.269,26.0198,35.3160,,35.3216,,,,,,,,,,,,,,,,,,,,,,,,,,,,,,,,,,,,,,,,,,,,,24.15,,,,,,,,,
2770201216,101515,004923,74.6,23.5533,23.997,23.5688,35.2958,,35.2938,,,,,,,,,,,,,,,,,,,,,,,,,,,,,,,,,,,,,,,,,,,,,32.02,,,,,,,,,
2770201215,101515,004806,101.5,20.7889,24.726,20.8082,35.2290,,35.2205,,,,,,,,,,,,,,,,,,,,,,,,,,,,,,,,,,,,,,,,,,,,,20.49,,,,,,,,,
2770201214,101515,004643,125.4,19.6477,24.932,19.6706,35.1024,,35.0919,,,,,,,,,,,,,,,,,,,,,,,,,,,,,,,,,,,,,,,,,,,,,11.69,,,,,,,,,
2770201213,101515,004534,149.3,18.1808,25.139,18.2066,34.8849,,34.8823,,,,,,,,,,,,,,,,,,,,,,,,,,,,,,,,,,,,,,,,,,,,,7.54,,,,,,,,,
2770201212,101515,004259,250.3,12.9968,25.842,13.0311,34.2886,,34.2803,,,,,,,,,,,,,,,,,,,,,,,,,,,,,,,,,,,,,,,,,,,,,2.58,,,,,,,,,
2770201211,101515,004130,300.2,11.2168,26.083,11.2542,34.1605,,,,,,,,,,,,,,,,,,,,,,,,,,,,,,,,,,,,,,,,,,,,,,,,,,,,,,,,
2770201210,101515,004120,300.2,11.2169,26.083,11.2543,34.1607,,,,,,,,,,,,,,,,,,,,,,,,,,,,,,,,,,,,,,,,,,,,,,,,,,,,,,,,
2770201209,101515,003945,350.9,10.0646,26.253,10.1054,34.1187,,34.1150,,,,,,,,,,,,,,,,,,,,,,,,,,,,,,,,,,,,,,,,,,,,,0.61,,,,,,,,,
2770201208,101515,003814,399.6,9.0955,26.383,9.1393,34.0802,,,,,,,,,,,,,,,,,,,,,,,,,,,,,,,,,,,,,,,,,,,,,,,,,,,,,,,,
2770201207,101515,003804,399.7,9.0949,26.382,9.1387,34.0799,,,,,,,,,,,,,,,,,,,,,,,,,,,,,,,,,,,,,,,,,,,,,,,,,,,,,,,,
2770201206,101515,003635,449.7,7.5317,26.589,7.5758,34.0416,,34.0427,,,,,,,,,,,,,,,,,,,,,,,,,,,,,,,,,,,,,,,,,,,,,,,,,,,,,,
2770201205,101515,003459,500.7,6.5542,26.729,6.5999,34.0485,,,,,,,,,,,,,,,,,,,,,,,,,,,,,,,,,,,,,,,,,,,,,,,,,,,,,,,,
2770201204,101515,003450,500.5,6.5653,26.729,6.6110,34.0495,,,,,,,,,,,,,,,,,,,,,,,,,,,,,,,,,,,,,,,,,,,,,,,,,,,,,,,,
2770201203,101515,002934,769.8,4.5760,27.218,4.6365,34.3636,,,,,,,,,,,,,,,,,,,,,,,,,,,,,,,,,,,,,,,,,,,,,,,,,,,,,,,,
2770201202,101515,002924,769.9,4.5752,27.219,4.6357,34.3637,,,,,,,,,,,,,,,,,,,,,,,,,,,,,,,,,,,,,,,,,,,,,,,,,,,,,,,,
2770201201,101515,002417,1021.5,3.7620,27.412,3.8381,34.4986,,34.5015,,,,,,,,,,,,,,,,,,,,,,,,,,,,,,,,,,,,,,,,,,,,,,,,,,,,,,
2770201314,101515,040703,4.4,26.2173,23.087,26.2183,35.1611,,,,,,,,,,,,,,,,,,,,,,,,,,,,,,,,,,,,,,,,,,,,,,,,,,,,,,,,
2770201313,101515,040653,4.5,26.2201,23.086,26.2211,35.1616,,35.1634,,,,,,,,,,,,,,,,,,,,,,,,,,,,,,,,,,,,,,,,,,,,,,,,,,,,,,
2770201312,101515,040533,25.6,26.1185,23.170,26.1243,35.2302,,,,,,,,,,,,,,,,,,,,,,,,,,,,,,,,,,,,,,,,,,,,,,,,,,,,,,,,
2770201311,101515,040523,25.5,26.1158,23.172,26.1215,35.2322,,35.2373,,,,,,,,,,,,,,,,,,,,,,,,,,,,,,,,,,,,,,,,,,,,,,,,,,,,,,
2770201310,101515,040403,45.4,26.0879,23.244,26.0980,35.3161,,35.3177,,,,,,,,,,,,,,,,,,,,,,,,,,,,,,,,,,,,,,,,,,,,,,,,,,,,,,
2770201309,101515,040238,75.3,25.9361,23.297,25.9529,35.3235,,35.3263,,,,,,,,,,,,,,,,,,,,,,,,,,,,,,,,,,,,,,,,,,,,,,,,,,,,,,
2770201308,101515,040119,101.6,22.8476,24.205,22.8683,35.3003,,35.3009,,,,,,,,,,,,,,,,,,,,,,,,,,,,,,,,,,,,,,,,,,,,,,,,,,,,,,
2770201307,101515,035959,124.8,21.2120,24.641,21.2360,35.2691,,35.2668,,,,,,,,,,,,,,,,,,,,,,,,,,,,,,,,,,,,,,,,,,,,,,,,,,,,,,
2770201306,101515,035907,129.5,20.8261,24.717,20.8508,35.2305,,,,,,,,,,,,,,,,,,,,,,,,,,,,,,,,,,,,,,,,,,,,,,,,,,,,,,,,
2770201305,101515,035751,150.7,19.9561,24.877,19.9839,35.1363,,35.1352,,,,,,,,,,,,,,,,,,,,,,,,,,,,,,,,,,,,,,,,,,,,,,,,,,,,,,
2770201304,101515,035631,175.4,18.6527,25.079,18.6836,34.9599,,34.9547,,,,,,,,,,,,,,,,,,,,,,,,,,,,,,,,,,,,,,,,,,,,,,,,,,,,,,
2770201303,101515,035024,450.7,7.7909,26.548,7.8360,34.0364,,34.0376,,,,,,,,,,,,,,,,,,,,,,,,,,,,,,,,,,,,,,,,,,,,,,,,,,,,,,
2770201302,101515,034453,700.6,4.7263,27.123,4.7816,34.2650,,34.2681,,,,,,,,,,,,,,,,,,,,,,,,,,,,,,,,,,,,,,,,,,,,,,,,,,,,,,
2770201301,101515,033808,1022.2,3.8423,27.396,3.9191,34.4893,,34.4915,,,,,,,,,,,,,,,,,,,,,,,,,,,,,,,,,,,,,,,,,,,,,,,,,,,,,,
2770201424,101515,070024,4.7,26.1649,23.093,26.1660,35.1475,,,,,,,,,,,,,,,,,,,,0.09,0.05,,,4.0,0.0,1.0,2.0,6.0,0.0,2.0,44.0,4.0,48.0,,4.0,2.0,6.0,1.0,0.0,0.0,24.0,24.0,,,,,,,,,,,,,,
2770201423,101515,065904,25.0,26.1350,23.150,26.1406,35.2101,,35.2058,,,,,,,,,,,,,,,,,,,,,,,,,,,,,,,,,,,,,,,,,,,,,,,,,,,,,,
2770201422,101515,065854,25.1,26.1386,23.145,26.1442,35.2051,,35.2071,,,,,,,,,,,,,,,,,,,,,,,,,,,,,,,,,,,,,,,,,,,,,,,,,,,,,,
2770201421,101515,065844,25.1,26.1407,23.142,26.1464,35.2023,,,,,,,,,,,,,,,,,,,,,,,,8.0,1.0,4.0,4.0,14.0,0.0,6.0,96.0,8.0,99.0,,8.0,4.0,12.0,2.0,1.0,0.0,49.0,50.0,,,,,,,,,,,,,,
2770201420,101515,065834,25.1,26.1421,23.140,26.1477,35.2005,,,,,,,,,,,,,,,,,,,,0.08,0.06,,,8.0,0.0,3.0,4.0,14.0,0.0,6.0,89.0,9.0,94.0,,7.0,4.0,11.0,2.0,1.0,0.0,46.0,48.0,,,,,,,,,,,,,,
2770201419,101515,065716,45.6,26.0671,23.243,26.0773,35.3056,,35.3070,,,,,,,,,,,,,,,,,,,,,,,,,,,,,,,,,,,,,,,,,,,,,,,,,,,,,,
2770201418,101515,065706,45.5,26.0662,23.243,26.0763,35.3055,,35.3066,,,,,,,,,,,,,,,,,,0.10,0.06,,,10.0,0.0,5.0,4.0,19.0,0.0,6.0,89.0,9.0,97.0,,8.0,3.0,12.0,2.0,0.0,0.0,50.0,46.0,,,,,,,,,,,,,,
2770201417,101515,065554,60.3,25.9797,23.283,25.9931,35.3219,,35.3226,,,,,,,,,,,,,,,,,,0.13,0.08,,,16.0,0.0,7.0,6.0,24.0,0.0,5.0,93.0,14.0,137.0,,12.0,3.0,16.0,2.0,0.0,0.0,61.0,76.0,,,,,,,,,,,,,,
2770201416,101515,065449,75.2,25.6662,23.381,25.6828,35.3230,,35.3236,,,,,,,,,,,,,,,,,,,,,,,,,,,,,,,,,,,,,,,,,,,,,,,,,,,,,,
2770201415,101515,065439,75.1,25.6705,23.380,25.6871,35.3238,,35.3234,,,,,,,,,,,,,,,,,,0.17,0.10,,,17.0,0.0,9.0,5.0,28.0,0.0,5.0,86.0,21.0,173.0,,16.0,4.0,19.0,1.0,0.0,0.0,67.0,106.0,,,,,,,,,,,,,,
2770201414,101515,065337,86.1,23.1363,24.124,23.1540,35.3031,,35.3027,,,,,,,,,,,,,,,,,,0.26,0.24,,,30.0,0.0,21.0,4.0,43.0,0.0,5.0,82.0,63.0,302.0,,29.0,3.0,32.0,1.0,0.0,0.0,90.0,212.0,,,,,,,,,,,,,,
2770201413,101515,065234,99.4,21.8014,24.502,21.8210,35.3011,,35.2993,,,,,,,,,,,,,,,,,,0.25,0.41,,,34.0,0.0,24.0,4.0,42.0,0.0,3.0,50.0,118.0,239.0,,28.0,2.0,30.0,0.0,0.0,0.0,84.0,156.0,,,,,,,,,,,,,,
2770201412,101515,065119,114.6,21.2329,24.639,21.2550,35.2736,,35.2710,,,,,,,,,,,,,,,,,,0.25,0.48,,,,,,,,,,,,,,,1.0,,,,,,,,,,,,,,,,,,,,
2770201411,101515,065021,125.1,20.9017,24.702,20.9256,35.2380,,35.2257,,,,,,,,,,,,,,,,,,,,,,,,,,,,,,,,,,,,,,,,,,,,,,,,,,,,,,
2770201410,101515,065011,125.2,20.8921,24.704,20.9160,35.2375,,,,,,,,,,,,,,,,,,,,,,,,41.0,0.0,41.0,6.0,46.0,0.0,4.0,34.0,135.0,229.0,,27.0,2.0,29.0,1.0,0.0,0.0,110.0,120.0,,,,,,,,,,,,,,
2770201409,101515,064912,135.0,20.2917,24.814,20.3169,35.1694,,35.1670,,,,,,,,,,,,,,,,,,0.17,0.35,,,43.0,2.0,46.0,6.0,48.0,0.0,4.0,26.0,151.0,232.0,,28.0,2.0,30.0,0.0,0.0,0.0,119.0,113.0,,,,,,,,,,,,,,
2770201408,101515,064759,150.5,19.9396,24.879,19.9674,35.1323,,35.1282,,,,,,,,,,,,,,,,,,,,,,,,,,,,,,,,,,,,,,,,,,,,,,,,,,,,,,
2770201407,101515,064749,150.5,19.9398,24.879,19.9676,35.1323,,35.1270,,,,,,,,,,,,,,,,,,,,,,,,,,,,,,,,,,,,,,,,,,,,,,,,,,,,,,
2770201406,101515,064739,150.7,19.9382,24.879,19.9660,35.1320,,35.1260,,,,,,,,,,,,,,,,,,,,,,27.0,1.0,36.0,4.0,37.0,0.0,3.0,16.0,127.0,169.0,,24.0,2.0,25.0,0.0,0.0,0.0,87.0,82.0,,,,,,,,,,,,,,
2770201405,101515,064729,150.7,19.9358,24.879,19.9637,35.1317,,35.1242,,,,,,,,,,,,,,,,,,0.11,0.30,,,32.0,1.0,35.0,4.0,36.0,0.0,3.0,16.0,123.0,167.0,,22.0,2.0,24.0,0.0,0.0,0.0,91.0,76.0,,,,,,,,,,,,,,
2770201404,101515,064559,174.1,18.9028,25.040,18.9338,34.9920,,34.9890,,,,,,,,,,,,,,,,,,,,,,,,,,,,,,,,,,,,,,,,,,,,,,,,,,,,,,
2770201403,101515,064549,174.1,18.9047,25.041,18.9357,34.9938,,34.9839,,,,,,,,,,,,,,,,,,0.05,0.14,,,15.0,0.0,19.0,2.0,21.0,0.0,2.0,5.0,59.0,78.0,,11.0,1.0,12.0,0.0,0.0,0.0,49.0,30.0,,,,,,,,,,,,,,
2770201402,101515,063959,465.7,7.4380,26.603,7.4835,34.0423,,34.0435,,,,,,,,,,,,,,,,,,,,,,,,,,,,,,,,,,,,,,,,,,,,,,,,,,,,,,
2770201401,101515,062930,1017.7,3.8545,27.396,3.9311,34.4908,,34.4946,,,,,,,,,,,,,,,,,,,,,,,,,,,,,,,,,,,,,,,,,,,,,,,,,,,,,,
2770201517,101515,121430,5.7,26.1192,23.101,26.1205,35.1391,201.1,,,,,,,,,,,,,,,,,,,,,,,,,,,,,,,,,,,,,,,,,,,,,,,,,,,,,,,
2770201516,101515,121420,5.7,26.1170,23.102,26.1183,35.1396,200.8,35.1392,,,,,,,,,,,,,,,,,,,,,,,,,,,,,,,,,,,,,,,,,,,,,,,,,,,,,,
2770201515,101515,121310,25.4,26.1062,23.176,26.1119,35.2327,201.8,,,,,,,,,,,,,,,,,,,,,,,,,,,,,,,,,,,,,,,,,,,,,,,,,,,,,,,
2770201514,101515,121205,45.2,26.0496,23.253,26.0597,35.3111,202.0,,,,,,,,,,,,,,,,,,,,,,,,,,,,,,,,,,,,,,,,,,,,,,,,,,,,,,,
2770201513,101515,121020,89.9,21.1445,24.656,21.1618,35.2645,209.6,35.2595,212.1,,,,,,,,,,,,,,,,,,,,,,,,,,,,,,,,,,,,,,,,,,,,,,,,,,,,,
2770201512,101515,120300,470.0,7.0838,26.656,7.1285,34.0466,107.2,34.0472,109.4,,,,,,,,,,,,,,,,,,,,,,,,,,,,,,,,,,,,,,,,,,,,,,,,,,,,,
2770201511,101515,115830,685.4,4.7809,27.111,4.8353,34.2569,31.0,34.2577,32.0,,,,,,,,,,,,,,,,,,,,,,,,,,,,,,,,,,,,,,,,,,,,,,,,,,,,,
2770201510,101515,115225,1000.1,3.8595,27.396,3.9346,34.4916,47.9,,,,,,,,,,,,,,,,,,,,,,,,,,,,,,,,,,,,,,,,,,,,,,,,,,,,,,,
2770201509,101515,113445,2000.5,1.9452,27.671,2.0829,34.6198,90.3,,,,,,,,,,,,,,,,,,,,,,,,,,,,,,,,,,,,,,,,,,,,,,,,,,,,,,,
2770201508,101515,113435,2000.4,1.9452,27.671,2.0828,34.6199,90.4,34.6199,90.7,,,,,,,,,,,,,,,,,,,,,,,,,,,,,,,,,,,,,,,,,,,,,,,,,,,,,
2770201507,101515,111705,3000.6,1.3447,27.754,1.5629,34.6667,123.5,,,,,,,,,,,,,,,,,,,,,,,,,,,,,,,,,,,,,,,,,,,,,,,,,,,,,,,
2770201506,101515,111655,3000.5,1.3443,27.754,1.5625,34.6665,123.3,34.6665,124.3,,,,,,,,,,,,,,,,,,,,,,,,,,,,,,,,,,,,,,,,,,,,,,,,,,,,,
2770201505,101515,105926,4001.1,1.1369,27.783,1.4546,34.6845,147.8,,,,,,,,,,,,,,,,,,,,,,,,,,,,,,,,,,,,,,,,,,,,,,,,,,,,,,,
2770201504,101515,105910,4001.1,1.1369,27.783,1.4546,34.6844,147.9,,,,,,,,,,,,,,,,,,,,,,,,,,,,,,,,,,,,,,,,,,,,,,,,,,,,,,,
2770201503,101515,105900,4001.3,1.1369,27.782,1.4547,34.6844,148.1,,,,,,,,,,,,,,,,,,,,,,,,,,,,,,,,,,,,,,,,,,,,,,,,,,,,,,,
2770201502,101515,105852,4001.3,1.1369,27.783,1.4546,34.6845,148.1,34.6842,148.0,,,,,,,,,,,,,,,,,,,,,,,,,,,,,,,,,,,,,,,,,,,,,,,,,,,,,
2770201501,101515,104327,4805.9,1.1028,27.787,1.5141,34.6876,153.5,34.6881,153.0,,,,,,,,,,,,,,,,,,,,,,,,,,,,,,,,,,,,,,,,,,,,,,,,,,,,,
